location_in_permit,consent_decree_citation,regulatory_language,first_row_id,last_row_id,example_paragraph_excerpt
Condition 19199 (Table#51),,DELETE: m | DELETE: .,228,229,Maintain records of the following information for each steam generating unit operating day:
Condition 19528 (Table#132),,DELETE: Sulfur | DELETE: 40 CFR 60.105(a)(4)(iv)(A) | DELETE: Y | DELETE: Exemption for exempt fuel gas streams – pilot gas for flares | DELETE: 40 CFR 60.107(e) | DELETE: N | DELETE: Records | INSERT: Combustion Efficiency,1338,1345,
Condition 19528 (Table#133),,INSERT: Pilot flame presence,1373,1373,Pilot flame presence
Condition 19528 (Table#68),,INSERT: x,230,230,-Selected heat exchanger exit line(s) so that each heat exchanger or group of exchangers within a system is covered.
Condition 22851 (Table#42),,INSERT: a | DELETE: i | INSERT: i,132,134,Limitations on Ground Level Concentrations
Condition 23129 (Table#32),,DELETE: Part 54 | DELETE: Comply with NSPS Subpart J (Basis: Consent Decree 23562) | DELETE: Y,34,36,
Condition 23562,,"INSERT: Administratively revised via Application 28578 (Month 202 | INSERT: 4 | INSERT: ), Deleted Part | INSERT: s | INSERT: 1-4 | INSERT: , and added | INSERT: Parts | INSERT: 5 | INSERT: through | INSERT: 1 | INSERT: 0 | INSERT: , based on 2016 Tesoro Consent Decree (EPA Case No. | INSERT: SA-16-CV-00722) | INSERT: and revisions which were finalized on April 27, 2023 | INSERT: . | INSERT: NOTE: The consent decree referenced in this condition is: | INSERT: Case No. SA-16-CV-00722; United States of America, et. al., | INSERT: v. Tesoro Marketing & Refining Company LLC, et.al. in the | INSERT: United States District Court, Western District of Texas, | INSERT: Filed 07/18/2016, Entered on September 28, 2016. Reference to | INSERT: this consent decree as the basis for any requirement in this | INSERT: permit condition is for historical purposes only. For Title | INSERT: V purposes, the basis for any requirement that references | INSERT: this consent decree is not the consent decree, but rather | INSERT: the BAAQMD NSR permit that establishes the permit condition | INSERT: pursuant to BAAQMD Regulation 2-1-403. Any such requirement | INSERT: shall be permanent and enforceable regardless of the status | INSERT: of the consent decree; provided, however, that nothing in | INSERT: this provision is intended to prohibit applications for | INSERT: permit modification pursuant to BAAQMD Regulation 2, Rules 1 | INSERT: and 6, where the applicable permit requirement is being | INSERT: replaced with a more stringent requirement or the | INSERT: requirement is rendered obsolete (e.g., the emission unit is | INSERT: permanently retired and the BAAQMD permits have been | INSERT: surrendered). Flare Appendix I contains definitions for capitalized terms included in the consent decree permit conditions. | INSERT: Deleted. | INSERT: New requirements are established under Condition 8. | DELETE: The heaters and boilers listed above shall be “affected facilities” under 40 CFR 60 Subpart J as fuel gas combustion devices. Except as allowed in this permit condition, the owner/operator shall comply with all applicable provisions of 40 CFR 60 Subparts A and J for these fuel gas combustion devices, except during periods of startup, shutdown, or malfunction of the affected facilities or the malfunction of the associated control equipment, if any, provided that during startup, shutdown, or malfunction, the owner/operator shall, to the extent practicable, maintain and operate the affected facilities including associated air pollution control equipment in a manner consistent with good air pollution control practices for minimizing emissions. (Basis: NSPS Subparts A and J, EPA Consent Decree paragraphs 12, 117, 118, 122.) | INSERT: Deleted. The 40 CFR 60 Notification Requirements are no longer applicable. | DELETE: The owner/operator is exempt from notification requirements in accordance with 40 CFR Part 60, Subparts A and J, including without limitation 40 CFR 60.7, with respect to the provisions of 40 CFR, Subparts A and J, as such requirements apply to the fuel gas combustion devices listed in this permit condition. (Basis: EPA Consent Decree paragraph 120.) | INSERT: Deleted. New requirements are established under Conditions 9 and 10. | DELETE: The owner/operator shall use either continuous emissions monitoring systems (CEMS) or an approved alternative monitoring plan (AMP) to demonstrate compliance with the NSPS Subpart J emission limits for the fuel gas combustion devices listed in this permit condition. (Basis: NSPS Subparts A and J, EPA Consent Decree paragraph 121) | DELETE: The owner/operator shall conduct the accuracy tests listed below on the CEMS used to comply with Part 3 unless that CEMS is otherwise subject to the requirements of NSPS Subparts A and J. These accuracy tests are allowed in lieu of the requirements of Part 60, Appendix F 5.1.1, 5.1.3 and 5.1.4. | DELETE: Conduct either a RAA or a RATA on each CEMS at least once every three years. | DELETE: Conduct a CGA on each CEMS each calendar quarter during which a RAA or a RATA is not performed. | DELETE: Conduct a FAT, as defined in BAAQMD regulations or procedures, if desired, in lieu of any required RAA or CGA. | DELETE: (Basis: EPA Consent Decree paragraph 121.) | INSERT: Deleted. New requirements are established under Conditions 9 and 10. | INSERT: Reporting. T | INSERT: he owner/operator | INSERT: shall report compliance with | INSERT: Conditions | DELETE: 10 | INSERT: 7 | INSERT: t | INSERT: hrough | DELETE: 13 | INSERT: 9 | INSERT: by submitting an excess emissions and monitoring systems performance report and/or a summary | INSERT: report form in accordance with the provisions of 40 C.F.R. § 60.7(c)-(d) on a semi-annual basi | INSERT: s | INSERT: .",256,495,"Administratively revised via Application 28578 (Month 2024), Deleted Parts 1-4, and added"
Condition 23562,"Consent Decree (Tesoro) Appendix A-4, Condition 2","INSERT: NOx Emission Reductions | INSERT: Heaters and Boilers NOX Limit. Beginning no later than | INSERT: March 16, 2023, | INSERT: the owner/operator | INSERT: shall comply with Sections 9-10-301 or 9-10-308 of BAAQMD Rule 9-10 | INSERT: and establish NOX emission limits for | INSERT: the heaters and boilers | INSERT: based upon a refinery-wide emission rate of 0.033 pounds NOX per MMBtu of Section 9-10-301 or the alternative total mass emission limit established pursuant to Section 9-10-308. If BAAQMD revises Sections 9-10-301 or 9-10-308, such revisions shall become the applicable emission limits under this Paragraph 2 of this Appendix A-4 provided that the refinery-wide NOX emission limit remains no less stringent than the 0.033 pounds NOX per | INSERT: MMBtu average emission rate limit of Section 9-10-301 or the alternative total mass emission | INSERT: limit established pursuant to Section 9-10-308. Compliance with these requirements shall be | INSERT: determined in accordance with BAAQMD’s rules and regulations. | INSERT: (Basis: | INSERT: EPA | INSERT: Consent Decree | INSERT: (Tesoro) | INSERT: Appendix A-4 | INSERT: , | INSERT: Condition 2)",304,321,NOx Emission Reductions
Condition 23562,"Consent Decree (Tesoro) Appendix A-4, Condition 3","INSERT: Reporting. T | INSERT: he owner/operator | INSERT: shall report compliance with this | INSERT: condition | INSERT: by submitting the following information on a semi-annual basis: (i) a summary of the data obtained from the CEMS or equivalent | INSERT: parametric monitoring system and the fuel meters installed to comply with BAAQMD Rule 9-10; (ii) the date, time, duration, and magnitude of emissions in excess of the NOX limit in | INSERT: Condition | INSERT: 5 | INSERT: ; (iii) the nature and cause of such excess emissions (if known); | INSERT: (iv) the corrective action taken in response to such excess emissions; and (v) the preventive | INSERT: measures adopted in response to such excess emissions. | INSERT: (Basis: | INSERT: EPA | INSERT: Consent Decree | INSERT: (Tesoro) | INSERT: Appendix A-4 | INSERT: , | INSERT: Condition 3) | INSERT: SO2 Emission Reductions",322,340,Reporting. The owner/operator shall report compliance with this condition by submitting the following information on a semi-annual basis: (i) a summary of the data obtained from the CEMS or equivalent parametric monitoring system and the fu
Condition 23562,"Consent Decree (Tesoro) Appendix A-4, Condition 4","INSERT: Elimination of Fuel Oil Burning. Beginning no later than | INSERT: March 16, 2023, | INSERT: the owner/operator | INSERT: shall not burn or combust Fuel Oil in any heater or boiler. | INSERT: (Basis: | INSERT: EPA | INSERT: Consent Decree | INSERT: (Tesoro) | INSERT: Appendix A-4 | INSERT: , | INSERT: Condition 4)",341,351,"Elimination of Fuel Oil Burning. Beginning no later than March 16, 2023, the owner/operator shall not burn or combust Fuel Oil in any heater or boiler."
Condition 23562,"Consent Decree (Tesoro) Appendix A-4, Condition 5","INSERT: H2S Limit. | INSERT: Beginning no later than | INSERT: March 16, 2023 | INSERT: , | INSERT: the owner/operator | INSERT: shall not burn in any | INSERT: h | INSERT: eater or | INSERT: b | INSERT: oiler any Fuel Gas that contains H2S in excess of 162 ppmv determined hourly on a 3-hour rolling average basis (i.e., the arithmetic average of three contiguous 1-hour averages). The H2S limit of this | INSERT: condition | INSERT: shall not apply during periods of | INSERT: Startup, Shutdown, or Malfunction of a | INSERT: h | INSERT: eater or | INSERT: b | INSERT: oiler or | INSERT: Malfunction of the associated H2S control equipment, if any, provided that during such periods | INSERT: the owner/operator | INSERT: , to the extent practicable, maintains and operates the | INSERT: h | INSERT: eater | INSERT: or | INSERT: b | INSERT: oiler, including associated air pollution control equipment, in a manner consistent with good | INSERT: air pollution control practices for minimizing emissions. | INSERT: (Basis: | INSERT: EPA | INSERT: Consent Decree | INSERT: (Tesoro) | INSERT: Appendix A-4 | INSERT: , | INSERT: Condition 5) | INSERT: Demonstrating Compliance with the H2S Limit. Beginning no later than | INSERT: March 16, 2023, | INSERT: the owner/operator | INSERT: shall use H2S CMS to monitor performance of each | INSERT: h | INSERT: eater or | INSERT: b | INSERT: oiler | INSERT: and to report compliance with the terms and conditions of | INSERT: Conditions | INSERT: 7 | INSERT: through | INSERT: 9 | INSERT: . H2S CMS shall be | INSERT: used to demonstrate compliance with the H2S limit established pursuant to | INSERT: Condition | INSERT: 8 | INSERT: by | INSERT: continuously monitoring and recording the concentration by volume (dry basis) of H2S in fuel | INSERT: gases before being burned in any | INSERT: h | INSERT: eater or | INSERT: b | INSERT: oiler. T | INSERT: he owner/operator | INSERT: shall | INSERT: make H2S CMS data available to EPA upon request. T | INSERT: he owner/operator | INSERT: shall install, certify, calibrate, | INSERT: maintain, and operate all H2S CMS required by this | INSERT: condition | INSERT: in accordance with the provisions | INSERT: of 40 C.F.R. § 60.13 that are applicable to H2S CMS (excluding those provisions applicable only | INSERT: to COMS) and Part 60, Appendices A and F, and the applicable performance specification test of | INSERT: 40 C.F.R. Part 60, Appendix B, including, but not limited to, (i) Performance Specification 7 of | INSERT: Appendix B to Part 60; and (ii) for conducting relative accuracy evaluations, Method 11, 15, or | INSERT: 15A of Appendix A-5 to Part 60 or Method 16 of Appendix A-6 to Part 60. With respect to 40 | INSERT: C.F.R. Part 60 Appendix F, in lieu of the requirements of 40 C.F.R. Part 60, Appendix F §§ | INSERT: 5.1.1, 5.1.3 and 5.1.4, | INSERT: the owner/operator | INSERT: shall conduct either a RAA or a RATA on each H2S CMS at least | INSERT: once every three (3) years. | INSERT: The owner/operator | INSERT: shall also conduct CGAs each Calendar Quarter during which | INSERT: a RAA or a RATA is not performed. T | INSERT: he owner/operator | INSERT: may conduct a FAT in lieu of the required RAA or | INSERT: CGA. The span value for the H2S CMS shall be 300 ppmv H2S.",352,432,"H2S Limit. Beginning no later than March 16, 2023, the owner/operator shall not burn in any heater or boiler any Fuel Gas that contains H2S in excess of 162 ppmv determined hourly on a 3-hour rolling average basis (i.e., the arithmetic aver"
Condition 23562,"Consent Decree (Tesoro) Appendix A-4, Condition 6","INSERT: Single H2S CMS for Multiple Heaters or Boilers. Heaters or | INSERT: b | INSERT: oilers having a common source of Fuel Gas may be monitored at only one location, if monitoring at this location accurately represents the concentration of H2S in the Fuel Gas being burned in the respective | INSERT: h | INSERT: eaters or | INSERT: b | INSERT: oilers. | INSERT: Exemption from Monitoring Requirements for Certain Fuel Gas Streams. Fuel | INSERT: g | INSERT: as | INSERT: c | INSERT: ombustion | INSERT: h | INSERT: eaters or | INSERT: b | INSERT: oilers are not required to monitor the following Fuel Gas streams: (i) pilot gas for heaters; (ii) Fuel Gas streams that meet a commercial-grade product specification for sulfur content of 30 ppmv or less; or (iii) Fuel Gas streams produced in process units that are intolerant to sulfur contamination (e.g., Fuel Gas streams produced in the hydrogen plant). T | INSERT: he owner/operator | INSERT: may also submit for EPA approval a written application for an exemption from | INSERT: monitoring for a Fuel Gas stream | INSERT: the owner/operator | INSERT: demonstrates is inherently low in sulfur, with such application containing all the information in 40 C.F.R. § 60.105(b)(1)(i)-(v). | INSERT: (Basis: | INSERT: EPA | INSERT: Consent Decree | INSERT: (Tesoro) | INSERT: Appendix A-4 | INSERT: , | INSERT: Condition 6) | INSERT: Recordkeeping, Reporting, and Other Compliance Requirements. In addition to complying with the provisions of 40 C.F.R. § 60.13 that are applicable to H2S CMS as required by | INSERT: Condition | INSERT: 9 | INSERT: , | INSERT: the owner/operator | INSERT: shall comply with the following recordkeeping, reporting, and compliance requirements: | INSERT: Recordkeeping. T | INSERT: he owner/operator | INSERT: shall maintain records of the occurrence and duration of | INSERT: any Startup, Shutdown, or Malfunction in the operation of a | INSERT: h | INSERT: eater or | INSERT: b | INSERT: oiler; any Malfunction of the air pollution control equipment; or any periods during which a CMS is inoperative. T | INSERT: he owner/operator | INSERT: shall maintain a file of all measurements, including CMS and performance testing measurements; all CMS performance evaluations; all CMS calibration checks; adjustments and maintenance performed on any CMS; and all other information required by this | INSERT: Conditions | INSERT: 7 | INSERT: through | INSERT: 9 | INSERT: in a permanent form suitable for inspection.",433,481,"Single H2S CMS for Multiple Heaters or Boilers. Heaters or boilers having a common source of Fuel Gas may be monitored at only one location, if monitoring at this location accurately represents the concentration of H2S in the Fuel Gas being"
Condition 23562,"Consent Decree (Tesoro) Appendix A-4, Condition 7","INSERT: General Duty Requirements. At all times, including periods of Startup, | INSERT: Shutdown, and Malfunction, | INSERT: the owner/operator | INSERT: shall, to the extent practicable, maintain and operate | INSERT: each h | INSERT: eater or | INSERT: b | INSERT: oiler, including associated air pollution control equipment, in a manner consistent with good air pollution control practice for minimizing emissions. | INSERT: Circumvention. T | INSERT: he owner/operator | INSERT: shall not build, erect, install, or use any article, machine, | INSERT: equipment or process, the use of which conceals an emission which would otherwise constitute a | INSERT: violation of the requirements of | INSERT: Conditi | INSERT: ons | INSERT: 7 | INSERT: through | INSERT: 9 | INSERT: . Such concealment includes, | INSERT: but is not limited to, the use of gaseous diluents to achieve compliance with a limit which is | INSERT: based on the concentration of a pollutant in the gases discharged to the atmosphere. | INSERT: (Basis: | INSERT: EPA | INSERT: Consent Decree | INSERT: (Tesoro) | INSERT: Appendix A-4 | INSERT: , | INSERT: Condition 7)",496,523,"General Duty Requirements. At all times, including periods of Startup, Shutdown, and Malfunction, the owner/operator shall, to the extent practicable, maintain and operate each heater or boiler, including associated air pollution control eq"
Condition 23562 (Table#146),,DELETE: NSPS Subpart J by,1387,1387,"S920 - No. 20 Furnace, S926 - No. 26 Furnace, S928 - No. 28 Furnace, S929 - No. 29 Furnace, S930 - No. 30 Furnace, S931 - No. 31 Furnace, S932 - No. 32 Furnace, S933 - No. 33 Furnace, S934 - No. 34 Furnace, S935 - No. 35 Furnace, S937 - No."
Condition 23562 (Table#146),"Consent Decree (Tesoro) Appendix A-4, Condition 5","INSERT: 8 | DELETE: 1 | DELETE: 40 CFR 60.104(a)(1) 60.105(e)(3) | DELETE: (ii) | INSERT: EPA Consent Decree (Tesoro) Appendix A-4, Condition 5",1388,1392,"BAAQMD Condition 23562, Part 8 EPA Consent Decree (Tesoro) Appendix A-4, Condition 5"
Condition 23562 (Table#146),"Consent Decree (Tesoro) Appendix A-4, Condition 6","INSERT: 9 | DELETE: 3 | DELETE: 40 CFR 60.105(a)(4) | INSERT: EPA Consent Decree (Tesoro) Appendix A-4, Condition 6",1393,1396,"BAAQMD Condition 23562, Part 9 EPA Consent Decree (Tesoro) Appendix A-4, Condition 6"
Condition 23562 (Table#46),,"DELETE: NSPS Subpart J by | INSERT: r | DELETE: BAAQMD Regulation 10 | DELETE: Standards of Performance for New Stationary Sources incorporated by reference (02/16/2000) Applicability specified in Condition 23562 | DELETE: 10-14 | DELETE: Subpart J – Standards of Performance for Petroleum Refineries | DELETE: Y | DELETE: 40 CFR 60 Subpart J | DELETE: NSPS – Standards of Performance for Petroleum Refineries (12/01/2015) Applicability specified in Condition 23562 | DELETE: 60.104 | DELETE: Standards for sulfur oxides | DELETE: Y | DELETE: 60.104(a)(1) | DELETE: Limit on hydrogen sulfide content in fuel gas burned in fuel gas combustion devices | DELETE: Y | DELETE: 60.105 | DELETE: Monitoring of Emissions and Operations | DELETE: Y | DELETE: 60.105(a) | DELETE: Continuous monitoring system requirements | DELETE: Y | DELETE: 60.105(a)(4) | DELETE: Monitoring requirement for H2S (dry basis) in fuel gas prior to combustion (in lieu of separate combustion device exhaust SO2 monitors as required by 60.105(a)(3)) | DELETE: Y | DELETE: 60.105(a)(4)(i) | DELETE: Span value for H2S monitoring is 425 mg/dscm H2S | DELETE: Y | DELETE: 60.105(a)(4)(ii) | DELETE: Fuel gas combustion devices having a common source of fuel gas may be monitored at only one location | DELETE: Y | DELETE: 60.105(a)(4)(iii) | DELETE: Use Performance Specification 7 for performance evaluations and Method 11, 15, 15A, or 16 for relative accuracy evaluations | DELETE: Y | DELETE: 60.105(e) | DELETE: Periods of excess emissions for 60.7(c) | DELETE: Y | DELETE: 60.105(e)(3) | DELETE: Excess emissions of sulfur dioxide from fuel gas combustion | DELETE: Y | DELETE: 60.105(e)(3)(ii) | DELETE: excess H2S in fuel gas as measured under 60.105(a)(4) | DELETE: Y | DELETE: 60.106 | DELETE: Test Methods and Procedures | DELETE: Y | DELETE: 60.106(a) | DELETE: Performance test requirements | DELETE: Y | DELETE: 60.106(e)(1) | DELETE: Compliance determination for H2S standards for fuel gas combustion devices | DELETE: Y | DELETE: 60.107 | DELETE: Reporting and recordkeeping requirements | DELETE: Y | DELETE: 60.107(f) | DELETE: Semiannual reporting | DELETE: Y | DELETE: 60.107(g) | DELETE: Certification of semiannual report | DELETE: Y | DELETE: Part 1 | DELETE: NSPS J applicability and SSM requirements for fuel gas combustion devices. (Basis: NSPS Subparts A and J, EPA Consent Decree paragraphs 12, 117, 118, and 122.) | DELETE: Y | DELETE: Part 2 | DELETE: Exemption from NSPS A and J notification requirements. (Basis: EPA Consent Decree paragraph 120.) | DELETE: Y | DELETE: Part 3 | DELETE: Use CEMS or approved AMP to demonstrate compliance with NSPS Subpart J emission limit. (Basis: EPA Consent Decree paragraph 121.) | DELETE: Y | DELETE: Part 4 | DELETE: CEMS accuracy test requirements. (Basis: EPA Consent Decree paragraph 121.) | DELETE: Y",135,206,"S920 - No. 20 Furnace, S926 - No. 26 Furnace, S928 - No. 28 Furnace, S929 - No. 29 Furnace, S930 - No. 30 Furnace, S931 - No. 31 Furnace, S932 - No. 32 Furnace, S933 - No. 33 Furnace, S934 - No. 34 Furnace, S935 - No. 35 Furnace, S937 - No."
Condition 23562 (Table#46),"Consent Decree (Tesoro) Appendix A-4, Condition 2","INSERT: Part 5 | INSERT: Section 9-10-301 or 9-10-308 of BAAQMD Rule 9.10 heater and boiler NOx limits (Basis: EPA Consent Decree (Tesoro) Appendix A-4, Condition 2) | INSERT: Y",207,209,Part 5
Condition 23562 (Table#46),"Consent Decree (Tesoro) Appendix A-4, Condition 3","INSERT: Part 6 | INSERT: Semi-annual reporting requirements including CEMS or equivalent CPMS installed to comply with BAAQMD Rule 9-10, excess NOx emissions, and corrective actions performed (Basis: EPA Consent Decree (Tesoro) Appendix A-4, Condition 3) | INSERT: Y",210,212,Part 6
Condition 23562 (Table#46),"Consent Decree (Tesoro) Appendix A-4, Condition 4","INSERT: Part 7 | INSERT: Elimination of fuel oil burning (Basis: EPA Consent Decree (Tesoro) Appendix A-4, Condition 4) | INSERT: Y",213,215,Part 7
Condition 23562 (Table#46),"Consent Decree (Tesoro) Appendix A-4, Condition 5","INSERT: Part 8 | INSERT: H2S Limit of 162 ppmv determined on a 3-hour rolling average basis. (Basis: EPA Consent Decree (Tesoro) Appendix A-4, Condition 5) | INSERT: Y",216,218,Part 8
Condition 23562 (Table#46),"Consent Decree (Tesoro) Appendix A-4, Condition 6","INSERT: Part 9 | INSERT: CEMS Monitoring Requirements with the H2S Limit (Basis: EPA Consent Decree (Tesoro) Appendix A-4, Condition 6) | INSERT: Y",219,221,Part 9
Condition 23562 (Table#46),"Consent Decree (Tesoro) Appendix A-4, Condition 7","INSERT: Part 10 | INSERT: Recordkeeping, reporting, and other compliance requirements (Basis: EPA Consent Decree (Tesoro) Appendix A-4, Condition 7) | INSERT: Y",222,224,Part 10
Condition 24324,,"INSERT: Administratively revised via Application 28578 (Month 2024). Added reference to Condition 24324 for consent decree requirements for S-1517 Flare. | INSERT: NOTE: The consent decree referenced in this condition is: | INSERT: Case No. SA-16-CV-00722; United States of America, et. al., | INSERT: v. Tesoro Marketing & Refining Company LLC, et.al. in the | INSERT: United States District Court, Western District of Texas, | INSERT: Filed 07/18/2016, Entered on September 28, 2016. Reference to | INSERT: this consent decree as the basis for any requirement in this | INSERT: permit condition is for historical purposes only. For Title | INSERT: V purposes, the basis for any requirement that references | INSERT: this consent decree is not the consent decree, but rather | INSERT: the BAAQMD NSR permit that establishes the permit condition | INSERT: pursuant to BAAQMD Regulation 2-1-403. Any such requirement | INSERT: shall be permanent and enforceable regardless of the status | INSERT: of the consent decree; provided, however, that nothing in | INSERT: this provision is intended to prohibit applications for | INSERT: permit modification pursuant to BAAQMD Regulation 2, Rules 1 | INSERT: and 6, where the applicable permit requirement is being | INSERT: replaced with a more stringent requirement or the | INSERT: requirement is rendered obsolete (e.g., the emission unit is | INSERT: permanently retired and the BAAQMD permits have been | INSERT: surrendered). Flare | INSERT: Appendix I contains definitions for capitalized terms included in the consent decree permit conditions. | INSERT: Refer to Permit Condition 24324 for the Consent Decree Requirements applicable to S-1517 Flare. | INSERT: Deleted. Requirement removed from 23562. | DELETE: The owner/operator shall comply with the requirements of 40 CFR 60, Subpart J. (basis: Consent Decree 23562) | INSERT: S-943 Tank 691 Flare | INSERT: S-944 | INSERT: North Steam Flare | INSERT: S-94 | INSERT: 5 | INSERT: South Steam Flare | INSERT: Administratively revised via Application 28578 (Month 202 | INSERT: 4 | INSERT: ), added S-943, S-944, | INSERT: and | INSERT: S-945, updated | INSERT: consent decree requirements in Parts 1 through 5, and added | INSERT: Parts 6 through 2 | INSERT: 9 | INSERT: , based on 2016 Tesoro Consent Decree (EPA Case No. | INSERT: SA-16-CV-00722) | INSERT: and revisions which were finalized on Apr | INSERT: il 27, 2024 | INSERT: . | INSERT: NOTE: The consent decree referenced in this condition is: | INSERT: Case No. SA-16-CV-00722; United States of America, et. Al., | INSERT: Tesoro Marketing & Refining Company LLC, et.al. in the | INSERT: United States District Court, Western District of Texas, | INSERT: Filed 07/18/2016, Entered on September 28, 2016. Reference to | INSERT: this consent decree as the basis for any requirement in this | INSERT: permit condition is for historical purposes only. For Title | INSERT: V purposes, the basis for any requirement that references | INSERT: this consent decree is not the consent decree, but rather | INSERT: the BAAQMD NSR permit that establishes the permit condition | INSERT: pursuant to BAAQMD Regulation 2-1-403. Any such requirement | INSERT: shall be permanent and enforceable regardless of the status | INSERT: of the consent decree; provided, however, that nothing in | INSERT: this provision is intended to prohibit applications for | INSERT: permit modification pursuant to BAAQMD Regulation 2, Rules 1 | INSERT: and 6, where the applicable permit requirement is being | INSERT: replaced with a more stringent requirement or the | INSERT: requirement is rendered obsolete (e.g., the emission unit is | INSERT: permanently retired and the BAAQMD permits have been | INSERT: surrendered). Flare Appendix I contains definitions for capitalized terms included in the consent decree permit conditions. | INSERT: Deleted. Superseded by Consent Decree (Tesoro). | INSERT: Deleted. Superseded by Consent Decree (Tesoro). | DELETE: The Owner/Operator shall operate Flares S-854, S-992, S-1012 and S1517 only when in compliance with NSPS. (Basis: Consent Decree paragraphs 231 and 238). | DELETE: The Owner/Operator of Flares S-854, S-992, S-1012 and S1517 shall comply with NSPS Subpart J by operating and maintaining a Flare Gas Recovery System to control continuous or routine combustion in the Flaring Device. Use of a flare gas recovery system on a flare obviates the need to continuously monitor and maintain records of hydrogen sulfide in the gas as otherwise required by 40 C.F.R. 60.105(a)(4) and 60.7 (Basis: Consent Decree paragraphs 233 and 235(a)) | INSERT: Flare Gas Recovery Systems | DELETE: Owner/Operator | INSERT: S-9 | INSERT: 44, S-945, | INSERT: , | INSERT: and | INSERT: S-1517 | DELETE: and S15 | DELETE: 17 | INSERT: shall have the following operations: | INSERT: General. The Permittee shall operate each FGRS in a manner to minimize Waste Gas to the flares while ensuring safe refinery operations. The Permittee also shall operate each FGRS consistent with good engineering and maintenance practices and in accordance with its design and the manufacturer’s specifications. | INSERT: Requirements Related to Compressors Being Available for Operation and/or In Operation. The Permittee shall comply with the following requirements when Potentially Recoverable Gas is being generated: | INSERT: The Permittee shall have one compressor Available for Operation and/or In Operation 98% of the time and two compressors Available for Operation and/or In Operation 95% of the time. | INSERT: Period to Be Used for Computing Percentage of Time. For purposes of calculating compliance with the 95% and the 98% of time that a compressor or group of compressors shall be Available for Operation and/or In Operation, as required by this Condition, the period to be used shall be an 8760-hour Rolling Sum, rolled hourly, using only hours when Potentially Recoverable Gas was generated during all or part of the hour but excluding hours for flows that could not have been prevented through reasonable planning and were in anticipation of or caused by a natural disaster, act of war or terrorism, or external power loss. When no Potentially Recoverable Gas was generated during an entire hour, then that hour shall not be used in computing the 8760-hour Rolling Sum. | INSERT: ""Potentially Recoverable Gas"" shall mean the Sweep Gas, Supplemental Gas | INSERT: introduced prior to a Covered Flare's water seal, and/or Waste Gas directed to a | INSERT: Covered Flare's FGRS or group of Covered Flares' FGRS. Purge Gas and | INSERT: Supplemental Gas introduced between a Covered Flare's water seal and a Covered | INSERT: Flare's tip is not Potentially Recoverable Gas. Hydrogen venting from the steam methane reformer (hydrogen plant) is not Potentially Recover | INSERT: able Gas. | INSERT: Recycled | INSERT: hydrogen that bypasses the FGRS to reestablish hydrogen balance in the event that | INSERT: hydrogen demand declines or stops rapidly is also not Potentially Recoverable Gas. | INSERT: Excess Fuel Gas and excess gases generated during Shutdown, in turnaround, and | INSERT: during Startup, caused by a gas imbalance that cannot be consumed by Fuel Gas | INSERT: consumers in the refinery, because there is not sufficient demand for the gas, is not | INSERT: Potentially Recoverable Gas provided that when the excess gas is routed around the | INSERT: FGRS, no natural gas is being supplied to the Fuel Gas mix drum. Nitrogen purges of | INSERT: Flaring Process Units that are being Shutdown, in turnaround and during Startup, or | INSERT: the nitrogen purging of operating Flaring Process Units during a partial refinery | INSERT: turnaround scenario, that cause the NHV of the Fuel Gas at the exit of the mix drum to | INSERT: fall below 740 BTU/scf, shall not be considered Potentially Recoverable Gas, and may | INSERT: be routed around the FGRS. | DELETE: Subject to the requirements of Paragraph 126 below, the | DELETE: gas stream from the spent air vent from the Tesoro Mandan Refinery's Merox Unit | DELETE: regenerator vessel shall not be considered Potentially Recoverable Gas. | INSERT: Operation During Waste Gas Venting. The Permittee shall operate | INSERT: the | INSERT: S-943 | INSERT: f | INSERT: lare at all times when Waste Gas may be vented to it. | INSERT: No Visible Emissions. | INSERT: The | INSERT: owner/operator | INSERT: shall operate with no Visible Emissions, except for periods not to exceed a total of 5 minutes during any 2 consecutive hours, when the Vent Gas flow rate is less than the smokeless design capacity of the S-943 | INSERT: f | INSERT: lare. The | INSERT: owner/operator | INSERT: shall monitor for Visible Emissions from the flares as specified in b.ii below. | INSERT: By January 30th, 2019, the | INSERT: owner/operator | INSERT: shall monitor Visible Emissions when the S-943 | INSERT: f | INSERT: lare | INSERT: is | INSERT: In Operation. An initial Visible Emissions demonstration | DELETE: must be | INSERT: was | INSERT: conducted using an observation period of 2 hours using Method 22 at 40 C.F.R. Part 60, Appendix A-7. Subsequent Visible Emissions observations must be conducted using either Method 1 or Method 2 below. The | INSERT: owner/operator | INSERT: must record and report any instances where Visible Emissions are observed for more than 5 minutes during any 2 consecutive hours, including the date and time of the 2 hour period and an estimate of the cumulative number of minutes in the 2 hour period for which emissions were visible. Method 1 and Method 2 are as follows: | INSERT: (a) | INSERT: At least once per day, the | INSERT: owner/operator | INSERT: shall conduct Visible Emissions observations using an observation period of 5 minutes using Method 22 at 40 C.F.R. Part 60, Appendix A-7. If at any time the | INSERT: owner/operator | INSERT: sees Visible Emissions, even if the minimum required daily Visible Emissions monitoring has already been performed, the | INSERT: owner/operator | INSERT: shall immediately begin an observation period of 5 minutes using Method 22 at 40 C.F.R. Part 60, Appendix A-7. If Visible Emissions are observed for more than one continuous minute during any 5-minute observation period, the observation period using Method 22 at 40 C.F.R. Part 60, Appendix A-7 must be extended to 2 hours or until 5-minutes of no Visible Emissions are observed. | DELETE: 2. | INSERT: Use a video surveillance camera to continuously record (at least one frame every 15 seconds with time and date stamps) images of the flare flame and a reasonable | INSERT: distance above the flare flame at an angle suitable for Visual Emissions observations. The | INSERT: owner/operator | INSERT: must provide real-time video surveillance camera output to the control room or other continuously manned location where the camera images may be viewed at any time. | INSERT: Flame Presence. | INSERT: Pilot Flame Presence. By January 30th, 2019, the | INSERT: owner/operator | INSERT: shall operate the | INSERT: S-943 | INSERT: f | INSERT: lare with a pilot flame present when the flare is In Operation. Each 15-minute block during which there is at least one minute where no pilot flame is present when Vent Gas is routed to the flare, the flame presence standard is not met. The | INSERT: owner/operator | INSERT: shall monitor for the presence of a pilot flame as specified in Condition c.ii below. | DELETE: i | DELETE: i. | INSERT: Pilot Flame Monitoring. By January 30th, 2019, the | INSERT: owner/operator | INSERT: shall continuously monitor the presence of the pilot flame(s) using a device (including, but not limited to, a thermocouple, ultraviolet beam sensor, or infrared sensor) capable of detecting that the pilot flame(s) is present. | INSERT: Nothing | INSERT: in this Condition shall prohibit the Owner/Operator from setting up | INSERT: process control logic that uses different averaging times from those in this table provided that the recording and averaging times in this table are available and used for determining compliance with the | INSERT: Consent Decree. | INSERT: For the liquid seal drum associated with | INSERT: the | INSERT: respective | INSERT: flare | INSERT: , the | INSERT: pressure difference between the inlet pressure and outlet pressure is less than the liquid seal pressure as set by the static head of liquid between the opening of the dip tube in the drum and the level-setting weir in the drum; | INSERT: For the liquid seal drum associated with the respective flare, | INSERT: the liquid level in the drum is at the level of the weir; and | INSERT: Downstream of the seal drum associated with the respective flare there is no flow of Supplemental Gas directed to the | INSERT: flare | INSERT: . | INSERT: b. Repairs associated with monitoring system malfunctions, for a monitoring system needed to meet the requirement(s); | INSERT: c. Required monitoring system quality assurance or quality control activities (including, as applicable, calibration checks and required zero and span adjustments); or | INSERT: d. Quality Assurance/Quality Control activities on a monitoring system needed to meet the requirement. | INSERT: Provided however, that in no event shall the excepted periods a-c defined above | INSERT: and described in 40 CFR §63.671(a)(4) | INSERT: for any instrument exceed 5% of the time that the flare is In Operation and Capable of Receiving Sweep, Supplemental, and/or Waste Gas in any six month period. The calculation of instrument downtime shall be made in accordance with 40 C.F.R. § 60.13(h)(2) and as follows. For purposes of calculating the 5% of instrument downtime allowed in any six month period, the time used for gas chromatograph calibration and validation activities may be excluded. | INSERT: e. Any hour that meets the requirements as set forth below shall not be counted toward instrument downtime. Specifically: | INSERT: 1. For a full operating hour (any clock hour where the flare is In Operation (e.g., Capable of Receiving Sweep, Supplemental and/or Waste Gas)), if there are at least four valid data points to calculate the hourly average (that is, one data point in each of the 15-minute sector of the hour), then there is no period of instrument downtime; | INSERT: 2. For a partial operating hour (any clock hour where the flare is In Operation (e.g., Capable of Receiving Sweep, Supplemental and/or Waste Gas)), if there is at least one valid data point in each 15-minute sector of the hour in which the flare is In Operation (e.g., Capable of Receiving Sweep, Supplemental and/or Waste Gas) to calculate the hourly average, then there is no period of instrument downtime; and | INSERT: 3. For any operating hour in which required maintenance or quality assurance activities on the instruments or monitoring systems associated with the flare are performed: | INSERT: b. Waste Gas flows during all periods (including but not limited to normal operations and periods of Startup, Shutdown, Malfunction, process upsets, relief valve leakages, power losses due to an interruptible power service agreement, and emergencies arising from events within the boundaries of the facility) shall be included. Waste Gas flows that could not be prevented through reasonable planning and are caused by a natural disaster, act of war or terrorism, or External Power Loss may be excluded from the calculation of flow rate. | INSERT: i. For all flares, NHVcz (in BTU/scf | INSERT: ); and | INSERT: ii. For all flares, NHVvg (in BTU/scf) | INSERT: if applicable | INSERT: . | INSERT: b. For all flares, commencing if and when the downtime of any instrumentation and monitoring system subject to | INSERT: Condition | INSERT: 1 | INSERT: 0 | INSERT: , exceeds 5% of the time that the Flare is in operation and capable of receiving sweep, supplemental, and/or waste gas in any six month period that the flare is being monitored by the respective instrument, the | INSERT: o | INSERT: wner/ | INSERT: o | INSERT: perator shall record the duration of the deviation, an explanation of the cause(s) of the deviation, and a description of the corrective action(s) that were taken. | INSERT: c. For all flares, at any time that the | INSERT: o | INSERT: wner/ | INSERT: o | INSERT: perator deviates from the standards in | INSERT: Condition | INSERT: s | INSERT: 8 | INSERT: and 1 | INSERT: 2 | INSERT: or the operating parameters set forth in 40 CFR 63.670(e), | INSERT: (f), (m), or (n) | INSERT: , the | INSERT: o | INSERT: wner/ | INSERT: o | INSERT: perator shall record the duration of the deviation, an explanation of the cause(s) of the deviation, and a description of the corrective action(s) that was performed. | INSERT: d. | INSERT: For | INSERT: S-943, o | INSERT: utput of the monitoring device used to detect the presence of a Pilot Flame as required in | INSERT: Condition | INSERT: 8 | INSERT: . | INSERT: e. | INSERT: For S-943, r | INSERT: ecords of daily Visible Emissions observations or video surveillance images required in | INSERT: Condition | INSERT: 8 | INSERT: . | INSERT: i. If Visible Emissions observations are performed using Method 22 at 40 C.F.R. Part 60, Appendix A-7, the record must identify whether the Visible Emissions observation was performed, the results of each observation, total duration of observed Visible Emissions, and whether it was a 5-minute or 2-hour observation. If the | INSERT: o | INSERT: wner/ | INSERT: o | INSERT: perator performs Visible Emissions observations more than one time during a Day, the record must also identify the date and time of day each Visible Emissions observation was performed. | INSERT: ii. If video surveillance camera is used, the record must include all video surveillance images recorded, with time and date stamp. | INSERT: iii. For each 2 hour period for which Visible Emissions are observed for more than 5 minutes in 2 consecutive hours, the record must include the date and time of the 2 hour period and an estimate of the cumulative number of minutes in the 2 hour period for which emissions were visible. | DELETE: j | INSERT: f | INSERT: . All periods during which the | INSERT: o | INSERT: wner/ | INSERT: o | INSERT: perator does not perform Flare monitoring according to the procedures in | INSERT: Condition | INSERT: s | INSERT: 7 | INSERT: , | INSERT: 8 | INSERT: and 1 | INSERT: 0 | INSERT: . | INSERT: Applicability. The provisions of this condition shall apply to Portable Flares. | INSERT: Distinction Between Planned and Unplanned Outages | INSERT: : | INSERT: For purposes of this | INSERT: condition | INSERT: , a “planned” outage shall mean an outage that is scheduled 30 Days or more in advance of the outage. An “unplanned” outage is an outage that either is scheduled less than 30 Days in advance or is unscheduled. | INSERT: 504 Hours or Less. For any planned or unplanned outage that | INSERT: the owner/operator | INSERT: knows or reasonably anticipates will result in 504 hours or less of downtime on a 1095-day Rolling Sum Period, rolled daily, | INSERT: the owner/operator | INSERT: shall make good faith efforts to ensure that the Portable Flare complies with all of the requirements | INSERT: of the Consent Decree | INSERT: that are applicable to the | INSERT: fl | INSERT: are | INSERT: that the Portable Flare replaces. | INSERT: More than 504 Hours. | INSERT: a) By no later than October 1, 2017, install a flow meter in order to determine the Vent Gas volumetric flow rate to air‐assisted flares. The air flow rate shall be determined from the fan speeds or measured on the Assist Air blowers | INSERT: ; | INSERT: Single CMS for Multiple Flares. Flares having a common source of Fuel Gas may be monitored at only one location, if monitoring at this location accurately represents the concentration of H2S in the Fuel Gas being burned in the respective flare. | INSERT: A copy of the Flare Minimization Plan. | INSERT: Records of discharges greater than 500 pounds SO2 in any 24-hour period from | INSERT: any | INSERT: f | INSERT: lare and discharges to a | INSERT: f | INSERT: lare in excess of 500,000 standard | INSERT: cubic feet above baseline in any 24-hour period. The following information shall be recorded n | INSERT: o | INSERT: later than 45 Days following the end of a discharge exceeding the thresholds: | INSERT: A description of the discharge. | INSERT: The date and time the discharge was first identified and the duration of the discharge. | INSERT: The measured or calculated cumulative quantity of gas discharged to the flare over the discharge duration. If the discharge duration exceeds 24 hours, record the quantity of gas discharged to the Flare for each 24-hour period. | INSERT: For each discharge greater than 500 pounds SO2 in any 24-hour period, the measured total sulfur concentration or both the measured H2S concentration and the estimated total sulfur concentration in the Fuel Gas at a representative location in the | INSERT: f | INSERT: lare inlet. | INSERT: For each discharge greater than 500 pounds SO2 in any 24-hour period, the cumulative quantity of H2S and SO2 released into the atmosphere (for released controlled by flares, assume 99-percent conversion of reduced sulfur or total sulfur to SO2). | INSERT: The steps that | INSERT: the owner/operator | INSERT: took to limit the emissions during the discharge. | INSERT: The Root Cause Analysis and Corrective Action Analysis conducted as required in | INSERT: Condition 2 | INSERT: 3 | INSERT: , including an identification of the | INSERT: f | INSERT: lare, the date and duration of the discharge, a statement noting whether the discharge resulted from the same root cause(s) identified in a previous analysis, and either a description of the recommended Corrective Action(s) or an explanation of why Corrective Action is not necessary. | INSERT: For any Corrective Action Analysis for which Corrective Actions are required, a description of the Corrective Action(s) completed within the first 45 Days following the discharge and, for action(s) not already completed, a schedule for implementation, including | INSERT: proposed commencement and completion dates. | INSERT: The date that the exceedance occurred. | INSERT: An explanation of the exceedance. | INSERT: Whether the exceedance was concurrent with a Startup, Shutdown, or Malfunction of a | INSERT: f | INSERT: lare or control system. | INSERT: A description of the action taken, if any. | INSERT: The information described in | INSERT: Condition 2 | INSERT: 5 | INSERT: .c. | INSERT: for all discharges listed in | INSERT: Condition 2 | INSERT: 5 | INSERT: .c | INSERT: .",231,1268,Administratively revised via Application 28578 (Month 2024). Added reference to Condition 24324 for consent decree requirements for S-1517 Flare.
Condition 24324,"Basis: Regulation 2-1-403, EPA Consent Decree (Tesoro) Flare Appendix A-5, Condition 16)","INSERT: Periods of maintenance on and subsequent restart of the equipment within the FGRS that is shared by all compressors (for example, the liquid seal, the knock-out drum, valves), such that the entire FGRS shall be shut down in order to undertake the maintenance may be included in the amount of time that a compressor is Available for Operation; provided however, that these periods shall not exceed 1,344 hours in a five-year Rolling Sum Period, rolled daily. The Permittee shall use best efforts to schedule these maintenance activities during a scheduled turnaround of the flaring process units venting to the flare. To the extent it is not practicable to undertake these maintenance activities during a scheduled turnaround, the Permittee shall use best efforts to minimize the generation of Waste Gas during such periods. | DELETE: will take all reasonable measures to minimize emissions while periodic maintenance is being performed on the Flare Gas Recovery System. | INSERT: Regulation 2-1-403, | INSERT: EPA | INSERT: (Tesoro) | DELETE: paragraph | INSERT: Flare Appendix A-5, Condition 16 | DELETE: 263 | INSERT: Deleted | INSERT: . Superseded by Consent Decree (Tesoro). | DELETE: The Owner/Operator of Flares S-854, S-992, S-1012 and S1517 may bypass the Flare Gas Recovery System in the event of an emergency, including unscheduled maintenance of such system in order to ensure continued safe operation of facility processes. (Basis: Consent Decree paragraph 264) | INSERT: Deleted. Superseded by Consent Decree (Tesoro). | DELETE: The combustion in a Flaring Device of process upset gases or fuel gas that is released to the Flaring Device as a result of relief valve leakage or other emergency malfunctions is exempt from the requirement to comply with 40 C.F.R. 60.104(a)(1). (Basis: Consent Decree paragraph 241)",603,615,"Periods of maintenance on and subsequent restart of the equipment within the FGRS that is shared by all compressors (for example, the liquid seal, the knock-out drum, valves), such that the entire FGRS shall be shut down in order to underta"
Condition 24324,"Basis: EPA Consent Decree (Tesoro) Flare Appendix A-5, Condition 5)","INSERT: Deleted. Completed. | INSERT: A video camera shall record, in digital format, whether a flame or Smoke Emissions are present at the S-944 and S-945 Flares no later than April 1, 2017. It is not a violation of this Condition, however, if the video camera(s) cannot discern the Combustion Zone and/or any Smoke Emissions due to weather conditions, such as fog or snow, provided that records are created and retained. | INSERT: This instrument shall comply with the requirements of 40 CFR §63.670(h)(2). | INSERT: (Basis: | INSERT: EPA | INSERT: Consent Decree | INSERT: (Tesoro) | INSERT: Flare Appendix A-5, Condition 5 | INSERT: ) | INSERT: 8. Flare(s) Emission Standards and Work Practice | INSERT: The Permittee shall comply with the following combustion efficiency requirements at the applicable flares:",616,626,Deleted. Completed.
Condition 24324,"Consent Decree (Tesoro) Appendix A-5, Condition 19","DELETE: ∷ | INSERT: Monitoring According to Applicable Provisions. The | INSERT: owner/operator | INSERT: shall comply with all applicable Subparts of 40 C.F.R. Parts 60, 61, or 63, that state how the S-943 Flare | INSERT: shall be monitored. | INSERT: Good Air Pollution Control Practices. At all times, including during periods of Startup, Shutdown, and/or Malfunction, the | INSERT: owner/operator | INSERT: shall implement good air pollution control practices to minimize emissions from the S-943 Flare. | INSERT: (Basis: Regulation 2-1-403, | INSERT: EPA | INSERT: Consent Decree | INSERT: (Tesoro) | INSERT: Appendix A-5 | INSERT: , | INSERT: Condition 19 | INSERT: )",679,694,"∷Monitoring According to Applicable Provisions. The owner/operator shall comply with all applicable Subparts of 40 C.F.R. Parts 60, 61, or 63, that state how the S-943 Flare shall be monitored."
Condition 24324,"Consent Decree (Tesoro) Appendix A-5, Condition 20","INSERT: 9 | INSERT: . The Permittee shall install and operate on each flares an automatic control system that shall automate the control of the Supplemental Gas flow rate to the respective flares. | INSERT: (Basis: | INSERT: EPA | INSERT: Consent Decree | INSERT: (Tesoro) | INSERT: Appendix A-5 | INSERT: , | INSERT: Condition 20 | INSERT: ) | INSERT: The Owner/Operator of instrumentation and monitoring systems installed and operated in accordance with the Consent Decree | INSERT: and in 40 CFR §63.670(i) and (j) | INSERT: shall meet or exceed the equipment and instrumentation technical specifications and quality assurance/quality control requirements set forth in Appendix C-1.10 of the Consent Decree. The instrumentation and monitoring systems identified in Conditions | INSERT: 6 | INSERT: and | INSERT: 20 | INSERT: and in 40 CFR §63.670(i) and (j) | INSERT: shall be able to produce and record data measurements and calculations for each parameter at the following time intervals as applicable to the instrumentation and monitoring system:",695,712,9. The Permittee shall install and operate on each flares an automatic control system that shall automate the control of the Supplemental Gas flow rate to the respective flares.
Condition 24324,"Basis: Regulation 2-1-403, EPA Consent Decree (Tesoro) Flare Appendix A-5, Conditions 7-9)","INSERT: The Owner/Operator shall operate each of the instruments and monitoring systems required on a continuous basis when the Flare is in operation and capable of receiving Sweep, Supplemental, and/or Waste Gas, except for the | INSERT: periods | INSERT: described in 40 | INSERT: CFR §63.671(a)(4) | INSERT: and below | INSERT: : | INSERT: a. Malfunction of a monitoring system, for a monitoring system needed to meet the requirement(s); b. Repairs associated with monitoring system malfunctions, for a monitoring system needed to meet the requirement(s); c. Required monitoring system quality assurance or quality control activities (including, as applicable, calibration checks and required zero and span adjustments). | INSERT: (Basis: Regulation 2-1-403, | INSERT: EPA | INSERT: Consent Decree | INSERT: (Tesoro) | INSERT: Flare Ap | INSERT: pendix A-5, Condition | INSERT: 9 | INSERT: )",727,741,"The Owner/Operator shall operate each of the instruments and monitoring systems required on a continuous basis when the Flare is in operation and capable of receiving Sweep, Supplemental, and/or Waste Gas, except for the periods described i"
Condition 24324,"Consent Decree (Tesoro) Appendix A-5, Condition 21","INSERT: Flare(s) Operation According to Design. The Permittee shall operate and maintain each flare in accordance with its design, except if, and only to the extent that, operation and maintenance of the flares in conformance with its design conflicts with compliance with one or more Permit Conditions. The requirements of this | INSERT: c | INSERT: ondition shall not apply to the extent necessary to achieve personnel and process safety or prevent equipment damage. | INSERT: (Basis: Regulation 2-1-403, | INSERT: EPA | INSERT: Consent Decree | INSERT: (Tesoro) | INSERT: Appendix A- | INSERT: 5 | INSERT: , | INSERT: Condition 21 | INSERT: ) | INSERT: The Owner/Operator of Flares S-854, S-944, S-945, S-1012 and S-1517 shall operate each Flare with a minimum of a 96.5% Combustion efficiency at all times when Waste Gases are vented to each respective Flare. To demonstrate continuous compliance with the applicable Combustion Efficiency requirement, the Owner/operator shall operate each of the respective Flare in compliance within the range of relevant parameters set forth in | INSERT: 40 CFR §63.670(e), (f), (m), and (n) | INSERT: . | INSERT: These requirements are not applicable to any | INSERT: flare | INSERT: when the only gases being vented to the Martinez NPR Flare is/are Pilot | INSERT: Gas and/or Purge Gas. Pilot Gas and Purge Gas will be considered to be the only gases being | INSERT: vented to those Flares if the following conditions are satisfied for the liquid seal drum that is part | INSERT: of the | INSERT: respective | INSERT: FGRS | INSERT: :",742,765,"Flare(s) Operation According to Design. The Permittee shall operate and maintain each flare in accordance with its design, except if, and only to the extent that, operation and maintenance of the flares in conformance with its design confli"
Condition 24324,"Consent Decree (Tesoro) Appendix A-5, Condition 22","INSERT: As an alternative to | INSERT: Condition | INSERT: 1 | INSERT: 2 | INSERT: .a. for a flare | INSERT: which does not have a weir, Pilot Gas and Purge Gas will be considered to be the only gases being vented to those Flares if the Vent Gas flow meter indicates a flow rate of less t | INSERT: han 0.2 feet/second based on a 15-minute Block Average. | INSERT: (Basis: Regulation 2-1-403, | INSERT: EPA | INSERT: Consent Decree | INSERT: (Tesoro) | INSERT: Appe | INSERT: ndix A-5 | INSERT: , | INSERT: Condition 22 | INSERT: and 23 | INSERT: ) | INSERT: 1 | INSERT: 3 | INSERT: . A failure to comply with the work practices or standards in | INSERT: Conditions | INSERT: 8 | INSERT: and | INSERT: 9 | INSERT: shall not constitute a violation of such work practice or standard if the noncompliance results from downtime of monitoring systems due to the following: | INSERT: a. Malfunction of a monitoring system, for a monitoring system needed to meet the requirement(s);",777,802,"As an alternative to Condition 12.a. for a flare which does not have a weir, Pilot Gas and Purge Gas will be considered to be the only gases being vented to those Flares if the Vent Gas flow meter indicates a flow rate of less than 0.2 feet"
Condition 24324,"Consent Decree (Tesoro) Appendix A-5, Condition 29","INSERT: i. If the flare is In Operation (e.g., Capable of Receiving Sweep, Supplemental and/or Waste Gas) in two or more 15-minute quadrants of the hour and if there are at least two valid data points separated by at least 15 minutes to calculate the hourly average, then there is no period of instrument downtime; or | INSERT: ii. If the flare is In Operation (e.g., Capable of Receiving Sweep, Supplemental and/or Waste Gas) in only one 15- minute quadrant of the hour and if there is at least one valid data point to calculate the hourly average, then there is no period of instrument downtime. | INSERT: (Basis: Regulation 2-1-403, | INSERT: EPA | INSERT: Consent Decree | INSERT: (Tesoro) | INSERT: Appendix A-5, Condition 29 | INSERT: )",813,820,"i. If the flare is In Operation (e.g., Capable of Receiving Sweep, Supplemental and/or Waste Gas) in two or more 15-minute quadrants of the hour and if there are at least two valid data points separated by at least 15 minutes to calculate t"
Condition 24324,"Consent Decree (Tesoro) Appendix A-5, Condition 17","INSERT: The | INSERT: o | INSERT: wner/ | INSERT: o | INSERT: perator shall comply with the combined 30-day rolling average limit of 1,516,353 scf/day of Waste Gas for the Flares (S-854, S-943, S-944, S-945, S-992, S-1012, | INSERT: and | INSERT: S-1517). The rolling average period shall include only the prior 30 days, when the Flares were in operation. Each exceedance of the 30-day rolling average limit shall constitute one day of violation. (Basis: Regulation 2-1-403, | INSERT: EPA | INSERT: Consent Decree | INSERT: (Tesoro) | INSERT: Appendix A-5, Condition 17, | DELETE: , | INSERT: and Appendix C-2.1) | INSERT: The | INSERT: o | INSERT: wner/ | INSERT: o | INSERT: perator shall comply with the combined 365-day rolling average limit of 1,010,902 scf/day of Waste Gas for the flares (S-854, S-943, S-944, S-945, S-992, S-1012, | INSERT: and | INSERT: S-1517). The rolling average period shall include only the prior 365 days, when the Flares were In Operation. Each exceedance of the 365-day rolling Average limit shall constitute one Day of violation. (Basis: Regulation 2-1-403, | INSERT: EPA | INSERT: Consent Decree | INSERT: (Tesoro) | INSERT: Appendices A-5 | INSERT: , | INSERT: Condition 17 and | INSERT: C-2.1) | INSERT: For purposes of the meaning and calculation of ""Waste Gas"" flow in the limitations on flaring in | INSERT: Conditions | INSERT: 1 | INSERT: 5 | INSERT: :",821,852,"The owner/operator shall comply with the combined 30-day rolling average limit of 1,516,353 scf/day of Waste Gas for the Flares (S-854, S-943, S-944, S-945, S-992, S-1012, and S-1517). The rolling average period shall include only the prior"
Condition 24324,"Basis: Regulation 2-1-403, EPA Consent Decree (Tesoro) Appendices A-5, Condition 17 and C-2.","INSERT: a. To the extent that | INSERT: o | INSERT: wner/ | INSERT: o | INSERT: perator has instrumentation capable of measuring the volumetric flow rate of hydrogen, nitrogen, oxygen, carbon monoxide, carbon dioxide, and/or water (steam) in the Waste Gas, the contribution of all measured flows of any of these elements/compounds may be excluded from the Waste Gas flow rate calculation.",853,857,"a. To the extent that owner/operator has instrumentation capable of measuring the volumetric flow rate of hydrogen, nitrogen, oxygen, carbon monoxide, carbon dioxide, and/or water (steam) in the Waste Gas, the contribution of all measured f"
Condition 24324,"Consent Decree (Tesoro) Appendix A-5, Condition 18","INSERT: Except for hydrogen, nitrogen, oxygen, carbon monoxide, carbon dioxide, and/or water (steam) contributions to the flow rate that are excluded by virtue of instrumentation measuring these flows, the | INSERT: o | INSERT: wner/ | INSERT: o | INSERT: perator shall submit a description in the semi‐annual report to EPA that specifically identifies the event that resulted in the exclusion. The | INSERT: o | INSERT: wner/ | INSERT: o | INSERT: perator shall describe the following: the date(s) and duration(s) of the flows caused by the event; the estimated VOC and SO2 emissions during the event; whether flows from the event are anticipated to persist after the notice, and if so, for how long; and the measures taken or to be taken to prevent or minimize the flows, including, for future anticipated flow, the schedule by which those measures will be implemented. | INSERT: (Basis: Regulation 2-1-403, | INSERT: EPA | INSERT: Consent Decree | INSERT: (Tesoro) | INSERT: Appendix A-5 | INSERT: , | INSERT: Condition 18 | INSERT: ) | INSERT: The | INSERT: o | INSERT: wner/ | INSERT: o | INSERT: perator shall comply with the following recordkeeping requirements: | INSERT: a. Calculate and record, in accordance with the required recording and averaging times, each of the following parameters:",859,881,"Except for hydrogen, nitrogen, oxygen, carbon monoxide, carbon dioxide, and/or water (steam) contributions to the flow rate that are excluded by virtue of instrumentation measuring these flows, the owner/operator shall submit a description "
Condition 24324,"Consent Decree (Tesoro) Appendix A-5, Condition 24","DELETE: k | INSERT: g | INSERT: . | INSERT: For S-943, r | INSERT: ecords of when the flow of Vent Gas exceeds the smokeless capacity of the Flare, including start and stop time and dates of the flaring event. | DELETE: l | INSERT: h | INSERT: . Recordkeeping: Document Retention. For purposes of this | INSERT: c | INSERT: ondition, and except with respect to the data produced by video cameras required, the | INSERT: o | INSERT: wner/ | INSERT: o | INSERT: perator shall retain all records created pursuant to this | INSERT: c | INSERT: ondition, including the raw data values, for a minimum period of 5 years, and shall make any such documents available to EPA and the APCO upon request. | INSERT: The owner/operator | INSERT: shall retain the data recorded by the Video Cameras required for six months. | INSERT: (Basis: Regulation 2-1-403, | INSERT: EPA | INSERT: Consent Decree | INSERT: (Tesoro) | INSERT: Appendix A-5, Condition 24 | INSERT: ) | INSERT: Flare Gas Recovery Systems: Capacity and Start-up Dates. E | INSERT: xcept for S-943, by no later than April 1, 2015, the owner/operator shall complete installation and commence operation of the following Flare Gas | INSERT: Recovery Systems at the flare:",948,974,"g. For S-943, records of when the flow of Vent Gas exceeds the smokeless capacity of the Flare, including start and stop time and dates of the flaring event."
Condition 24324,"Consent Decree (Tesoro) Appendix A-5, Condition 15","INSERT: (Basis: Regulation 2-1-403, | INSERT: EPA | INSERT: Consent Decree | INSERT: (Tesoro) | INSERT: Appendix A-5, Condition 15) | INSERT: Portable Flares:",990,995,"(Basis: Regulation 2-1-403, EPA Consent Decree (Tesoro) Appendix A-5, Condition 15)"
Condition 24324,"Consent Decree (Tesoro) Appendix A-5, Condition 25","INSERT: Planned. For any planned outage of a | INSERT: flare | INSERT: that | INSERT: the owner/operator | INSERT: knows or reasonably can anticipate will last 504 hours or more on a 1095-day Rolling Sum Period, rolled daily, | INSERT: the owner/operator | INSERT: shall ensure that the Portable Flare complies with all of the requirements of t | INSERT: he Consent Decree | INSERT: related to the | INSERT: flare | INSERT: that it replaces as of the date that the Portable Flare is In Operation and Capable of Receiving Waste, Supplemental, and/or Sweep Gas. | INSERT: Unplanned. For any unplanned outage of a | INSERT: flare | INSERT: that, in advance of the outage, | INSERT: the owner/operator | INSERT: cannot reasonably anticipate will last longer than 504 hours, | INSERT: the owner | INSERT: /operator | INSERT: shall ensure that the Portable Flare complies with all of the requirements of th | INSERT: e Consent Decree | INSERT: related to the | INSERT: flare | INSERT: that it replaces by no later than 30 Days after | INSERT: the date that the owner/operator knows or reasonably should have known that the outage will last 504 hours or more. | INSERT: Recordkeeping. The owner | INSERT: /operator | INSERT: shall keep records sufficient to document compliance with the requirements of this | INSERT: condition | INSERT: any time it uses a Portable Flare. | INSERT: (Basis: Regulation 2-1-403, | INSERT: EPA | INSERT: Consent Decree | INSERT: (Tesoro) | INSERT: Appendix A-5, Condition 25) | INSERT: The | INSERT: o | INSERT: wner/ | INSERT: o | INSERT: perator shall undertake the following measures for the S-854 and S-1012 Flares.",1013,1051,"Planned. For any planned outage of a flare that the owner/operator knows or reasonably can anticipate will last 504 hours or more on a 1095-day Rolling Sum Period, rolled daily, the owner/operator shall ensure that the Portable Flare compli"
Condition 24324,"Consent Decree (Tesoro) Appendix A-5, Condition 26","INSERT: b) By no later than October 1, 2017, continue to operate a variable speed motor on the flares’ Assist Air blowers; and | INSERT: c) By no later October 1, 2017, install a control system that will automate the control of the variable speed motor on the S-854 and S-1012 Flare Assist Air blowers to enable the | INSERT: o | INSERT: wner/ | INSERT: o | INSERT: perator to maintain the net heating value dilution parameter (NHVdil) at or above 22 British Thermal Units per square foot (BTU/ft2) determined on a 15‐minute Block Average Basis. | INSERT: (Basis: | INSERT: EPA | INSERT: Consent Decree | INSERT: (Tesoro) | INSERT: Appendix A-5, Condition 26 | INSERT: ) | INSERT: SO2 Emission Reductions",1054,1066,"b) By no later than October 1, 2017, continue to operate a variable speed motor on the flares’ Assist Air blowers; and"
Condition 24324,"Consent Decree (Tesoro) Appendix A-5, Condition 33","INSERT: The following conditions apply to | INSERT: the S-854, S-944, | INSERT: S-945, S-992, S-1012, and S-1517 flares. | INSERT: 21. | INSERT: H2S Limit. | INSERT: The owner/operator | INSERT: shall not burn in any | INSERT: flare | INSERT: any Fuel Gas that contains H2S in excess of 162 ppmv determined hourly on a 3-hour rolling average basis (i.e., the arithmetic average of three contiguous 1-hour averages). The combustion in a | INSERT: flare | INSERT: of process upset gases (i.e., any gas generated by a | INSERT: process unit or by ancillary equipment as a result of Startup, Shutdown, | INSERT: upset, of Malfunction) or Fuel Gas that is released to the | INSERT: flare | INSERT: as a result of relief | INSERT: valve leakage or other emergency Malfunctions is exempt from this limit. The H2S limit of this | INSERT: c | INSERT: ond | INSERT: ition | INSERT: shall not apply during periods of Startup, Shutdown, or | INSERT: Malfunction of a | INSERT: flare | INSERT: or Malfunction of the associated H2S control equipment | INSERT: provided that during such periods | INSERT: that the owner/operator | INSERT: , to the extent practicable, maintains and operates the | INSERT: flare | INSERT: , including associated air pollution control equipment, in a manner consistent | INSERT: with good air pollution control practices for minimizing emissions. | INSERT: (Basis: | INSERT: EPA | INSERT: Consent Decree | INSERT: (Tesoro) | INSERT: Appendix A-5, Condition 33) | INSERT: Demonstrating Compliance with the H2S Limit. Beginning no later than November 11, 2015, | INSERT: the owner/operator | INSERT: shall use H2S CMS to monitor performance of the | INSERT: flares | INSERT: to report compliance with the terms and conditions of this | INSERT: permit | INSERT: . H2S CMS shall be used to demonstrate compliance with the H2S limit established pursuant to | INSERT: Condition 22 | INSERT: by continuously monitoring and recording the concentration by volume (dry basis) of H2S in Fuel Gases before being burned in any | INSERT: flare | INSERT: . T | INSERT: he owner/operator | INSERT: shall make | INSERT: H2S CMS data available to EPA upon request. T | INSERT: he owner/operator | INSERT: shall install, certify, calibrate, maintain, | INSERT: and operate all H2S CMS required by this | INSERT: condition | INSERT: in accordance with the provisions of 40 | INSERT: C.F.R. § 60.13 that are applicable to H2S CMS (excluding those provisions applicable only to | INSERT: COMS) and Part 60, Appendices A and F, and the applicable performance specification test of | INSERT: 40 C.F.R. Part 60, Appendix B, including, but not limited to, (i) Performance Specification 7 of | INSERT: Appendix B to Part 60; and (ii) for conducting relative accuracy evaluations, Method 11, 15, or | INSERT: 15A of Appendix A-5 to Part 60 or Method 16 of Appendix A-6 to Part 60. The span value for | INSERT: the H2S CMS shall be 300 ppmv H2S.",1067,1125,"The following conditions apply to the S-854, S-944, S-945, S-992, S-1012, and S-1517 flares."
Condition 24324,"Consent Decree (Tesoro) Appendix A-5, Condition 34","INSERT: Exemption from Monitoring Requirements for Certain Fuel Gas Streams. | INSERT: Flares | INSERT: are not required to monitor the following Fuel Gas streams: (i) Pilot Gas for heaters or Flares; (ii) Fuel Gas streams that meet a commercial-grade product specification for sulfur content of 30 ppmv or less; or (iii) Fuel Gas streams produced in process units that are intolerant to sulfur contamination (e.g., Fuel Gas streams produced in the hydrogen plant). T | INSERT: he owner/operato | INSERT: r | INSERT: may also submit for EPA approval a written application for an exemption from | INSERT: monitoring for a Fuel Gas stream | INSERT: the ow | INSERT: ner/operator | INSERT: demonstrates is inherently low in sulfur, with such | INSERT: application containing all the information in 40 C.F.R. § 60.107a(b)(1)(i)-(v). | INSERT: Total Reduced Sulfur CMS in Lieu of H2S CMS. T | INSERT: he owner/operator | INSERT: may use a total reduced sulfur CMS (“TRS CMS”) in lieu of a H2S CMS to demonstrate compliance with the H2S limit established pursuant to | INSERT: Condition 22 | INSERT: by continuously monitoring and recording the concentration of total reduced sulfur in gas discharged to a | INSERT: flare | INSERT: . | INSERT: The owner/operator | INSERT: shall make TRS CMS data available to EPA upon request. T | INSERT: he owner/operator | INSERT: shall install, certify, | INSERT: operate, calibrate, and maintain all TRS CMS in accordance with the provisions of 40 C.F.R. § 60.13 that are applicable to TRS CMS (excluding those provisions applicable only to COMS) and Part 60, Appendices A and F, and the applicable performance specification test of 40 C.F.R. Part 60, Appendix B, including, but not limited to, (i) Performance Specification 5 of Appendix B to Part 60; and (ii) for conducting relative accuracy evaluations, Method 15A of Appendix A-5 to Part 60, Method ANSI/ASME PTC 19.10-1981, or Section 16.0 of Performance Specification 2 of Appendix B to Part 60 (cylinder gas audits). The span value for the TRS CMS (or dual span, if necessary) shall be capable of measuring concentrations between 20 and 300 ppmv. The concentration directly measured by the TRS CMS shall meet the numeric concentration of the H2S limit in Condition | INSERT: 22 | INSERT: . | INSERT: (Basis: | INSERT: EPA | INSERT: Consent Decree | INSERT: (Tesoro) | INSERT: Appendix A-5, Condition 34)",1127,1156,Exemption from Monitoring Requirements for Certain Fuel Gas Streams. Flares are not required to monitor the following Fuel Gas streams: (i) Pilot Gas for heaters or Flares; (ii) Fuel Gas streams that meet a commercial-grade product specific
Condition 24324,"Consent Decree (Tesoro) Appendix A-5, Condition 35","INSERT: 23. | INSERT: Root Cause and Corrective Action Analyses Requirements. T | INSERT: he owner/operator | INSERT: shall comply with Sections 12-11-501, 12-11-502, 12-11-506, 12-11-601, and 12-11-602 of BAAQMD Rule 12-11 and 12-12-208, 12-12-406, and 12-12-501 of BAAQMD Rule 12-12, as such provisions both | INSERT: relate to the | INSERT: flares | INSERT: and establish Root Cause and Corrective Action Analyses | INSERT: requirements for the | INSERT: flares | INSERT: . If BAAQMD revises any of these provisions, such | INSERT: revisions shall become the applicable requirements under this | INSERT: condition | INSERT: provided that such revisions are no less stringent than the provisions as adopted on November 3, | INSERT: 2021. Compliance with these provisions shall be determined in accordance with BAAQMD’s | INSERT: rules and regulations. | INSERT: (Basis: | INSERT: EPA | INSERT: Consent Decree | INSERT: (Tesoro) | INSERT: Appendix A-5, Condition 35)",1157,1176,"23. Root Cause and Corrective Action Analyses Requirements. The owner/operator shall comply with Sections 12-11-501, 12-11-502, 12-11-506, 12-11-601, and 12-11-602 of BAAQMD Rule 12-11 and 12-12-208, 12-12-406, and 12-12-501 of BAAQMD Rule "
Condition 24324,"Consent Decree (Tesoro) Appendix A-5, Condition 36","INSERT: 24. | INSERT: Flare Minimization Plan. T | INSERT: he owner/operator | INSERT: shall comply with Sections 12-12-201, 12-12-301, 12-12-401, and 12-12-404.1 of BAAQMD Rule 12-12, as such provisions both relate to the | INSERT: f | INSERT: lares and establish Flare Minimization Plan requirements for the | INSERT: f | INSERT: lares. If BAAQMD revises any of these provisions, such revisions shall become the applicable requirements under this | INSERT: condition | INSERT: provided that such revisions are no less stringent than the provisions as adopted on November 3, 2021. Compliance with these provisions shall be determined in accordance with BAAQMD’s rules and regulations. | INSERT: (Basis: | INSERT: EPA | INSERT: Consent Decree | INSERT: (Tesoro) | INSERT: Appendix A-5, Condition 36) | INSERT: Recordkeeping. T | INSERT: he owner/operator | INSERT: shall maintain the following records: | INSERT: The occurrence and duration of any Startup, Shutdown, or Malfunction in the operation of a | INSERT: f | INSERT: lare; any Malfunction of the air pollution control equipment; or any periods during which a CMS is inoperative. T | INSERT: he owner/operator | INSERT: shall maintain a file of all measurements, including CMS and performance testing measurements; all CMS performance evaluations; all CMS calibration checks; adjustments and maintenance performed on any CMS; and all other information required by | INSERT: Conditions 22 through 25 | INSERT: in a permanent form suitable for inspection.",1177,1201,"24. Flare Minimization Plan. The owner/operator shall comply with Sections 12-12-201, 12-12-301, 12-12-401, and 12-12-404.1 of BAAQMD Rule 12-12, as such provisions both relate to the flares and establish Flare Minimization Plan requirement"
Condition 24324,"Consent Decree (Tesoro) Appendix A-5, Condition 37","INSERT: For each discharge from any flare that is the result of a planned Startup or Shutdown of a process unit or ancillary equipment connected to the | INSERT: f | INSERT: lare, a statement that a Root Cause Analysis and Corrective Action Analysis are not necessary because | INSERT: the owner/operator | INSERT: followed the Flare Minimization Plan. | INSERT: If | INSERT: the owner/operator | INSERT: is using an H2S CMS to comply with the sulfur monitoring requirements of | INSERT: Condition | INSERT: 22 | INSERT: , records of the H2S and total sulfur analyses of each grab or integrated sample, the calculated daily total sulfur-to-H2S ratios, the calculated 10-day average total sulfur-to-H2S ratios, and the 95-percent confidence intervals for each 10-day average total sulfur-to-H2S ratio. | INSERT: (Basis: | INSERT: EPA | INSERT: Consent Decree | INSERT: (Tesoro) | INSERT: Appendix A-5, Condition 37) | INSERT: Reporting. The owner/operator shall report compliance with Conditions | INSERT: 2 | INSERT: 1 | INSERT: through 2 | INSERT: 5 | INSERT: by | INSERT: submitting an excess emissions and monitoring systems performance report and/or a summary | INSERT: report form in accordance with the provisions of 40 C.F.R. § 60.7(c)-(d) on a semi-annual basis. The report shall also include the following information:",1230,1253,"For each discharge from any flare that is the result of a planned Startup or Shutdown of a process unit or ancillary equipment connected to the flare, a statement that a Root Cause Analysis and Corrective Action Analysis are not necessary b"
Condition 24324,"Consent Decree (Tesoro) Appendix A-5, Condition 38","INSERT: For any periods for which monitoring data are not available, any changes made in operation of the emission control system during the period of data unavailability which could affect the ability of the system to meet the applicable emission limit. Operations of the control system and | INSERT: f | INSERT: lare during periods of data unavailability are to be compared with | INSERT: operation of the control system and | INSERT: f | INSERT: lare before and following the period of data | INSERT: unavailability. | INSERT: A written statement, signed by a responsible official, certifying the accuracy and completeness of the information contained in the report. | INSERT: (Basis: | INSERT: EPA | INSERT: Consent Decree | INSERT: (Tesoro) | INSERT: Appendix A-5, Condition 38)",1269,1281,"For any periods for which monitoring data are not available, any changes made in operation of the emission control system during the period of data unavailability which could affect the ability of the system to meet the applicable emission "
Condition 24324,"Consent Decree (Tesoro) Appendix A-5, Condition 39","INSERT: 27. | INSERT: General Duty Requirements. At all times, including periods of Startup, Shutdown, and Malfunction, | INSERT: the owner/operator | INSERT: shall, to the extent practicable, maintain and operate | INSERT: f | INSERT: lares, including associated air pollution control equipment, in a manner consistent with good air pollution control practice for minimizing emissions. | INSERT: (Basis: | INSERT: EPA | INSERT: Consent Decree | INSERT: (Tesoro) | INSERT: Appendix A-5, Condition 39)",1282,1292,"27. General Duty Requirements. At all times, including periods of Startup, Shutdown, and Malfunction, the owner/operator shall, to the extent practicable, maintain and operate flares, including associated air pollution control equipment, in"
Condition 24324,"Consent Decree (Tesoro) Appendix A-5, Condition 40","INSERT: 28. | INSERT: Circumvention. T | INSERT: he owner/operator | INSERT: shall not build, erect, install, or use any article, machine, equipment or process, the use of which conceals an emission which would otherwise constitute a violation of the requirements of | INSERT: Conditions 2 | INSERT: 1 | INSERT: through 2 | INSERT: 6 | INSERT: . Such concealment includes, but is not limited to, the use of gaseous diluents to achieve compliance with a limit which is based on the concentration of a pollutant in the gases discharged to the atmosphere. | INSERT: (Basis: | INSERT: EPA | INSERT: Consent Decree | INSERT: (Tesoro) | INSERT: Appendix A-5, Condition 40)",1293,1306,"28. Circumvention. The owner/operator shall not build, erect, install, or use any article, machine, equipment or process, the use of which conceals an emission which would otherwise constitute a violation of the requirements of Conditions 2"
Condition 24324,"Consent Decree (Tesoro) Appendix A-5, Condition 41","INSERT: 29. | INSERT: 40 C.F.R. §§ 63.670 and 63.671 Applicability. Each | INSERT: f | INSERT: lare shall be subject to the requirements of 40 C.F.R. Part 63, Subparts EEEE and FFFF and shall comply with the requirements of 40 C.F.R. §§ 63.2380(a) and 63.2450(e)(5), provided that each | INSERT: f | INSERT: lare must comply with the applicable | INSERT: requirements for flares as specified in 40 C.F.R. §§ 63.670 and 63.671 of 40 C.F.R. Part 63, | INSERT: Subpart CC (including the provisions in Tables 12 and 13), except as specified in 40 C.F.R. | INSERT: §§ 63.2380(b) through (m) and 63.2450(e)(5)(i) through (xiii). | INSERT: (Basis: | INSERT: EPA | INSERT: Consent Decree | INSERT: (Tesoro) | INSERT: Appendix A-5, Condition 41)",1307,1320,"29. 40 C.F.R. §§ 63.670 and 63.671 Applicability. Each flare shall be subject to the requirements of 40 C.F.R. Part 63, Subparts EEEE and FFFF and shall comply with the requirements of 40 C.F.R. §§ 63.2380(a) and 63.2450(e)(5), provided tha"
Condition 24324 (Table#111),,INSERT: Instrumentation and Monitoring System | INSERT: Recording and Averaging Times | INSERT: Vent Gas flow; | INSERT: Vent Gas average molecular weight; | INSERT: Total steam flow; | INSERT: Pilot gas flow (if installed) | INSERT: Measure continuously and record | INSERT: 15-minute Block Averages. | INSERT: Net heating value by calorimeter | INSERT: Measure continuously and record 15- minute Block Averages.,713,722,Instrumentation and Monitoring System
Condition 24324 (Table#112),,INSERT: Facility | INSERT: Minimum No. of Compressors | INSERT: Minimu | INSERT: m Capacity of each Compressor (kscfh) | INSERT: Minimum FGRS Operating Design Capacity (kscfh) | INSERT: Martinez Unit 19 | INSERT: /DCU | INSERT: 2 (both existing) | INSERT: 166.7 | INSERT: 333.4 | INSERT: Martinez 50U | INSERT: 2 (both existing),975,986,Facility
Condition 24324 (Table#112),"Consent Decree (Tesoro) Appendix A-5, Condition 15",INSERT: 3 and 1 | INSERT: 32.5 | INSERT: 135.5,987,989,3 and 132.5
Condition 24324 (Table#132),,"INSERT: BAAQMD Condition 24324, Part 7 for S-944 and S-945 | INSERT: BAAQMD Condition 24324, Part 12 | INSERT: Y | INSERT: 96.5% combustion efficiency when waste gases are vented | INSERT: BAAQMD Condition 24324, Part 12 | INSERT: C | INSERT: Combustion zone net heating value | INSERT: Waste Gas Flow | INSERT: BAAQMD Condition 24324, Part 14 | INSERT: Y | INSERT: 1,516,353 scf/day of Waste Gas, 30-day rolling average | INSERT: BAAQMD Condition 24324, Part 16 | INSERT: C | INSERT: Volumetric flow and composition | INSERT: Waste Gas Flow | INSERT: BAAQMD Condition 24324, Part 15 | INSERT: Y | INSERT: 1,010,902 scf/day of Waste Gas, 365-day rolling average | INSERT: BAAQMD Condition 24324, Part 16 | INSERT: C | INSERT: Volumetric flow and composition | INSERT: H2S | INSERT: BAAQMD Condition 24324, Part 21 | INSERT: Y | INSERT: 162 ppmv, 3-hour rolling average | INSERT: BAAQMD Condition 24324, Part 22 | INSERT: C | INSERT: H2S or TRS CMS",1337,1372,"BAAQMD Condition 24324, Part 7 for S-944 and S-945"
Condition 24324 (Table#133),,"INSERT: BAAQMD Condition 24324, Part 8 | INSERT: Y | INSERT: Operate with a pilot flame or flare flame present at all times regulated material is routed to flare Each 15-minute block with at least one minute with no pilot flame or flare flame when regulated material is routed to the flare is a deviation | INSERT: BAAQMD Condition 24324, Part 8, 13 | INSERT: C | INSERT: Flame detector | INSERT: Visible emissions | INSERT: BAAQMD Condition 24324, Part 8 | INSERT: Y | INSERT: Operate with no visible emissions, except for a period not to exceed a total of 5 minutes during any 2 consecutive hours when regulated material is routed to the flare and the flare vent gas flow rate is < smokeless design capacity | INSERT: BAAQMD Condition 24324, Part 8, 13 | INSERT: C | INSERT: Video surveillance camera",1374,1386,"BAAQMD Condition 24324, Part 8"
Condition 24324 (Table#32),,"INSERT: S943, S | INSERT: 944, S945, | DELETE: Part 1 | DELETE: Operate only when in compliance with NSPS (Basis: Consent Decree §§ 231 and 238) | DELETE: Y | DELETE: Part 2 | DELETE: Comply with NSPS J by operating and maintaining flare gas recovery system. Exemption from H2S monitoring and recordkeeping in §§ 60.105(a)(4) and 60.7. [Basis: Consent Decree §§ 233, 235(a)] | DELETE: Y | DELETE: Part 4 | DELETE: Flare gas recovery system may be bypassed in event of an emergency, including unscheduled maintenance to ensure continued safe operation (Basis: Consent Decree § 264) | DELETE: Y | DELETE: Part 5 | DELETE: Exemption from 60.104(a)(1). [Basis: Consent Decree §§ 241] | DELETE: Y",37,58,"Applies to S854, S943, S944, S945, S992, S1012 and S1517 only"
Condition 24324 (Table#32),"Basis: EPA Consent Decree (Tesoro) Flare Appendix A-5, Condition 16)","DELETE: emissions | INSERT: waste gas | DELETE: when performing maintenance on | INSERT: while operating | INSERT: the | INSERT: EPA | INSERT: (Tesoro) Flare Appendix A-5, Condition 16 | DELETE: § 263",45,52,"Minimize waste gas while operating the Flare Gas Recovery System (Basis: EPA Consent Decree (Tesoro) Flare Appendix A-5, Condition 16)"
Condition 24324 (Table#32),"Basis: EPA Consent Decree (Tesoro) Flare Appendix A-5, Condition 2)","INSERT: Part 6 | INSERT: Complete an evaluation of meters that measure the flow of Sweep Gas and Purge Gas. (Basis: EPA Consent Decree (Tesoro) Flare Appendix A-5, Condition 2) | INSERT: Y",59,61,Part 6
Condition 24324 (Table#32),"Basis: EPA Consent Decree (Tesoro) Flare Appendix A-5, Condition 5)","INSERT: Part 7 | INSERT: Video camera shall record presence of flame or smoke for S-944 and S-945 (Basis: EPA Consent Decree (Tesoro) Flare Appendix A-5, Condition 5) | INSERT: Y",62,64,Part 7
Condition 24324 (Table#32),"Consent Decree (Tesoro) Appendix A-5, Condition 20","INSERT: Part 9 | INSERT: Install and operate automatic control system for supplemental gas flow rate (Basis: EPA Consent Decree (Tesoro) Appendix A-5, Condition 20) | INSERT: Y",65,67,Part 9
Condition 24324 (Table#32),"Basis: Regulation 2-1-403, EPA Consent Decree (Tesoro) Appendix A-5, Conditions 7-9)","INSERT: Part 10 | INSERT: Instrumentation and monitoring system specifications (Basis: Regulation 2-1-403, EPA Consent Decree (Tesoro) Appendix A-5, Conditions 7-9) | INSERT: Y",68,70,Part 10
Condition 24324 (Table#32),"Consent Decree (Tesoro) Appendix A-5, Condition 21","INSERT: Part 11 | INSERT: Operate flare according to design (Basis: Regulation 2-1-403, EPA Consent Decree (Tesoro) Appendix A-5, Condition 21) | INSERT: Y",71,73,Part 11
Condition 24324 (Table#32),"Basis: Regulation 2-1-403, EPA Consent Decree (Tesoro) Appendix A-5, Conditions 22 and 23)","INSERT: Part 12 | INSERT: Combustion efficiency requirement (Basis: Regulation 2-1-403, EPA Consent Decree (Tesoro) Appendix A-5, Conditions 22 and 23) | INSERT: Y",74,76,Part 12
Condition 24324 (Table#32),"Consent Decree (Tesoro) Appendix A-5, Condition 29","INSERT: Part 13 | INSERT: Downtime exempt from noncompliance status (Basis: Regulation 2-1-403, EPA Consent Decree (Tesoro) Appendix A-5, Condition 29) | INSERT: Y",77,79,Part 13
Condition 24324 (Table#32),"Consent Decree (Tesoro) Appendix A-5, Condition 17","INSERT: Part 14 | INSERT: Waste gas 30-day rolling average limit (Basis: Regulation 2-1-403, EPA Consent Decree (Tesoro) Appendix A-5, Condition 17 and Appendix C-2.1) | INSERT: Y",80,82,Part 14
Condition 24324 (Table#32),"Basis: Regulation 2-1-403, EPA Consent Decree (Tesoro) Appendices A-5 Condition 17 and C-2.","INSERT: Part 15 | INSERT: Waste gas 365-day rolling average limit (Basis: Regulation 2-1-403, EPA Consent Decree (Tesoro) Appendices A-5 Condition 17 and C-2.1) | INSERT: Y",83,85,Part 15
Condition 24324 (Table#32),"Consent Decree (Tesoro) Appendix A-5, Condition 18","INSERT: Part 16 | INSERT: Calculation of waste gas flow (Basis: Regulation 2-1-403, EPA Consent Decree (Tesoro) Appendix A-5, Condition 18) | INSERT: Y",86,88,Part 16
Condition 24324 (Table#32),"Consent Decree (Tesoro) Appendix A-5, Condition 24","INSERT: Part 17 | INSERT: Flare recordkeeping requirements (Basis: Regulation 2-1-403, EPA Consent Decree (Tesoro) Appendix A-5, Condition 24) | INSERT: Y",89,91,Part 17
Condition 24324 (Table#32),"Basis: Regulation 2-1-403, EPA Consent Decree Appendix A-5, Condition 15)","INSERT: Part 18 | INSERT: Flare gas recovery system capacity and startup requirements (Basis: Regulation 2-1-403, EPA Consent Decree Appendix A-5, Condition 15) | INSERT: Y",92,94,Part 18
Condition 24324 (Table#32),"Consent Decree (Tesoro) Appendix A-5, Condition 25","INSERT: Part 19 | INSERT: Portable flare requirements (Basis: Regulation 2-1-403, EPA Consent Decree (Tesoro) Appendix A-5, Condition 25) | INSERT: Y",95,97,Part 19
Condition 24324 (Table#32),"Consent Decree (Tesoro) Appendix A-5, Condition 26","INSERT: Part 20 | INSERT: Monitoring and control system requirements for S-854 and S-1012 (Basis: EPA Consent Decree (Tesoro) Appendix A-5, Condition 26) | INSERT: Y",98,100,Part 20
Condition 24324 (Table#32),"Consent Decree (Tesoro) Appendix A-5, Condition 33","INSERT: Part 21 | INSERT: H2S emission limit for S-854, S-944, S-945, S-992, S-1012, and S-1517 (Basis: EPA Consent Decree (Tesoro) Appendix A-5, Condition 33) | INSERT: Y",101,103,Part 21
Condition 24324 (Table#32),"Consent Decree (Tesoro) Appendix A-5, Condition 34","INSERT: Part 22 | INSERT: Demonstrating compliance with the H2S limit (Basis: EPA Consent Decree (Tesoro) Appendix A-5, Condition 34) | INSERT: Y",104,106,Part 22
Condition 24324 (Table#32),"Consent Decree (Tesoro) Appendix A-5, Condition 35","INSERT: Part 23 | INSERT: Root cause and corrective action analyses requirements (Basis: EPA Consent Decree (Tesoro) Appendix A-5, Condition 35) | INSERT: Y",107,109,Part 23
Condition 24324 (Table#32),"Consent Decree (Tesoro) Appendix A-5, Condition 36","INSERT: Part 24 | INSERT: Flare minimization plan (Basis: EPA Consent Decree (Tesoro) Appendix A-5, Condition 36) | INSERT: Y",110,112,Part 24
Condition 24324 (Table#32),"Consent Decree (Tesoro) Appendix A-5, Condition 37","INSERT: Part 25 | INSERT: Flare recordkeeping requirements (Basis: EPA Consent Decree (Tesoro) Appendix A-5, Condition 37) | INSERT: Y",113,115,Part 25
Condition 24324 (Table#32),"Consent Decree (Tesoro) Appendix A-5, Condition 38","INSERT: Part 26 | INSERT: Flare reporting requirements (Basis: EPA Consent Decree (Tesoro) Appendix A-5, Condition 38) | INSERT: Y",116,118,Part 26
Condition 24324 (Table#32),"Consent Decree (Tesoro) Appendix A-5, Condition 39","INSERT: Part 27 | INSERT: Flare general duty requirements (Basis: EPA Consent Decree (Tesoro) Appendix A-5, Condition 39) | INSERT: Y",119,121,Part 27
Condition 24324 (Table#32),"Consent Decree (Tesoro) Appendix A-5, Condition 40","INSERT: Part 28 | INSERT: Flare circumvention (Basis: EPA Consent Decree (Tesoro) Appendix A-5, Condition 40) | INSERT: Y",122,124,Part 28
Condition 24324 (Table#32),"Consent Decree (Tesoro) Appendix A-5, Condition 41","INSERT: Part 29 | INSERT: 40 CFR 63.670 and 63.671 applicability (Basis: EPA Consent Decree (Tesoro) Appendix A-5, Condition 41) | INSERT: Y",125,127,Part 29
Condition 24324 (Table#33),,INSERT: BAAQMD Condition 24324,128,128,BAAQMD Condition 24324
Condition 24324 (Table#33),"Consent Decree (Tesoro) Appendix A-5, Condition 19","INSERT: Part 8 | INSERT: Flare emission standards and work practices (Basis: Regulation 2-1-403, EPA Consent Decree (Tesoro) Appendix A-5, Condition 19) | INSERT: Y",129,131,Part 8
Condition 24491 (Table#132),,"DELETE: Flares Subject to NSPS via Consent Decree Condition 24324 | INSERT: S-943 – Tank 691 Flare, S-944 – North Steam Flare, S-945 South Steam Flare,",1321,1322,"S854 - East Air Flare, S-943 – Tank 691 Flare, S-944 – North Steam Flare, S-945 South Steam Flare, S992 - Emergency Flare, S1012 - West Air Flare, S1517 - Coker Flare"
Condition 24491 (Table#32),,"DELETE: Flares Subject to NSPS via Consent Decree Condition 24324 | INSERT: S-943 Tank | INSERT: 691 Flare, S-944 North Stream Flare, S-945 South Stream Flare, | DELETE: 40 CFR 60 Subpart J | DELETE: NSPS - Standards of Performance for Petroleum Refineries (12/01/2015) [Applies due to BAAQMD Condition 24324] | DELETE: 60.100(a) | DELETE: Applicability: FCCU Catalyst Regenerators, Fuel Gas Combustion Devices, and Claus Sulfur Recovery Plants (20 TPD) | DELETE: Y | DELETE: 60.100(b) | DELETE: Applicability: Constructed/reconstructed/modified after June 11, 1973 and before May 14, 2007 | DELETE: Y | DELETE: 60.104 | DELETE: Standards for Sulfur Oxides | DELETE: Y | DELETE: 60.104(a)(1) | DELETE: Limit on hydrogen sulfide content in fuel gas burned in fuel gas combustion devices: Exemption from fuel gas H2S concentration limit for the combustion in a flare of process upset gases or fuel gas that is released to the flare as a result of relief valve leakage or other emergency malfunctions. | DELETE: Y | DELETE: 60.105 | DELETE: Monitoring of emissions and operations | DELETE: Y | DELETE: 60.105(a)(4)(iv) | DELETE: Exemption from §60.105(a)(3) or (a)(4) for fuel gas streams exempt under §60.104(a)(1) and under this paragraph. Must comply with §60.105(a)(3) or (a)(4) within 15 days of loss of exemption. | DELETE: Y | DELETE: 60.105(a)(4)(iv)(A) | DELETE: Exemption for pilot gas for heaters and flares – presumed to be low sulfur content | DELETE: Y | DELETE: 60.107 | DELETE: Reporting and recordkeeping requirements | DELETE: Y | DELETE: 60.107(e) | DELETE: Records of the specific exemption chosen under §60.105(a)(4)(iv)(A) for flare pilot gas. | DELETE: Y | DELETE: s",1,33,"S854 - East Air Flare, S-943 Tank 691 Flare, S-944 North Stream Flare, S-945 South Stream Flare, S992-Emergency Flare, S1012 West Air Flare, S1517 - Coker Flare"
Condition 26791 (Table#132),,"DELETE: SO2 | DELETE: 60.104(a)(1) | DELETE: Y | DELETE: H2S in fuel gas burned < 230 mg/dscm (0.1 gr/dscf), except process upset gases, relief valve leakage or emergency malfunctions | DELETE: 40 CFR 60.105(a)(4)(iv) exemption from 40 CFR 60.105(a)(4) and 60.105(e)(3) | DELETE: P/E Within 15 Days of Loss of Exemption | DELETE: Monitoring of flare gas composition and records | DELETE: SO2 | DELETE: 40 CFR 60.104(a)(1) | DELETE: Y | DELETE: H2S in fuel gas burned < 230 mg/dscm (0.1 gr/dscf), except process upset gases, relief valve leakage or emergency malfunctions | DELETE: Condition 24324, Part 2 | DELETE: SO2 | DELETE: 40 CFR 60.104(a)(1)",1323,1336,
Condition 27604 (Table#47),,INSERT: E | DELETE: e | INSERT: r,225,227,Emission limit exceedance reporting requirements
